<?xml version="1.0" encoding="UTF-8"?>
<gofish xsi:noNamespaceSchemaLocation="gofish.xsd" xmlns:xsi="http://www.w3.org/2001/XMLSchema-instance">
    <settings>
		<allowMutipleRequests>false</allowMutipleRequests>
		<forceShowOfSeries>false</forceShowOfSeries>
    </settings>
    <players>
	    <player type="HUMAN" name="Natalie">
	        <cards>
			    <card name="kookie 1">
			        <series>kookie</series>
			    </card>
			    <card name="kookie 2">
			        <series>kookie</series>
			    </card>
			    <card name="kookie 3">
			        <series>kookie</series>
			    </card>
			    <card name="kookie 4">
			        <series>kookie</series>
			    </card>
			    <card name="shookie 1">
			        <series>shookie</series>
			    </card>
			    <card name="shookie 2">
			        <series>shookie</series>
			    </card>
			    <card name="shookie 3">
			        <series>shookie</series>
			    </card>
			    <card name="shookie 4">
			        <series>shookie</series>
			    </card>
	        </cards>
	    </player>
	    <player type="COMPUTER" name="Paul">
	        <cards>
			    <card name="kookie 11">
			        <series>kookie</series>
			    </card>
			    <card name="kookie 21">
			        <series>kookie</series>
			    </card>
			    <card name="kookie 31">
			        <series>kookie</series>
			    </card>
			    <card name="kookie 41">
			        <series>kookie</series>
			    </card>
			    <card name="shookie 11">
			        <series>shookie</series>
			    </card>
			    <card name="shookie 21">
			        <series>shookie</series>
			    </card>
			    <card name="shookie 31">
			        <series>shookie</series>
			    </card>
			    <card name="shookie 41">
			        <series>shookie</series>
			    </card>
	        </cards>
	    </player>
	    <player type="COMPUTER" name="George">
	        <cards>
			    <card name="kookie 111">
			        <series>kookie</series>
			    </card>
			    <card name="kookie 211">
			        <series>kookie</series>
			    </card>
			    <card name="kookie 311">
			        <series>kookie</series>
			    </card>
			    <card name="kookie 411">
			        <series>kookie</series>
			    </card>
			    <card name="shookie 111">
			        <series>shookie</series>
			    </card>
			    <card name="shookie 211">
			        <series>shookie</series>
			    </card>
			    <card name="shookie 311">
			        <series>shookie</series>
			    </card>
			    <card name="shookie 411">
			        <series>shookie</series>
			    </card>
	        </cards>
	    </player>
	    <player type="COMPUTER" name="John">
	        <cards>
			    <card name="kookie 112">
			        <series>kookie</series>
			    </card>
			    <card name="kookie 212">
			        <series>kookie</series>
			    </card>
			    <card name="kookie 312">
			        <series>kookie</series>
			    </card>
			    <card name="kookie 412">
			        <series>kookie</series>
			    </card>
			    <card name="shookie 121">
			        <series>shookie</series>
			    </card>
			    <card name="shookie 221">
			        <series>shookie</series>
			    </card>
			    <card name="shookie 321">
			        <series>shookie</series>
			    </card>
			    <card name="shookie 421">
			        <series>shookie</series>
			    </card>	        
	        </cards>
	    </player>
	    <player type="COMPUTER" name="Ringo">
	        <cards>
			    <card name="kookie 151">
			        <series>kookie</series>
			    </card>
			    <card name="kookie 251">
			        <series>kookie</series>
			    </card>
			    <card name="kookie 351">
			        <series>kookie</series>
			    </card>
			    <card name="kookie 451">
			        <series>kookie</series>
			    </card>
			    <card name="shookie 511">
			        <series>shookie</series>
			    </card>
			    <card name="shookie 251">
			        <series>shookie</series>
			    </card>
			    <card name="shookie 351">
			        <series>shookie</series>
			    </card>
			    <card name="shookie 451">
			        <series>shookie</series>
			    </card>
            </cards>
	    </player>
    </players>
</gofish>
